BEGIN TRANSACTION;
CREATE TABLE privacy (  id INTEGER PRIMARY KEY,  name TEXT);
INSERT INTO "privacy" VALUES(0, 'private');
INSERT INTO "privacy" VALUES(1, 'public');
INSERT INTO "privacy" VALUES(2, 'followers');
CREATE TABLE icons (  id INTEGER PRIMARY KEY AUTOINCREMENT,  mime_type TEXT,  width INTEGER NOT NULL,  height INTEGER NOT NULL,  name TEXT,  data BLOB);
INSERT INTO "icons" VALUES(0, 'image/png', 60, 60, 'need_check', X'89504E470D0A1A0A0000000D494844520000003C0000003C08060000003AFCD97200000A41694343504943432050726F66696C650000480D9D96775453D91687CFBD37BDD012222025F41A7A0920D23B48150451894980500286842676440546141129566454C0014787226345140B838262D709F21050C6C1514445E5DD8C6B09EFAD35F3DE9AFDC759DFD9E7B7D7D967EF7DD7BA0050FC8204C27458018034A15814EEEBC15C1213CBC4F7021810010E5801C0E166660447F84402D4FCBD3D9999A848C6B3F6EE2E8064BBDB2CBF502673D6FF7F912237432406000A45D5363C7E2617E5029453B3C51932FF04CAF495293286313216A109A2AC22E3C4AF6CF6A7E62BBBC9989726E4A11A59CE19BC349E8CBB50DE9A25E1A38C04A15C9825E067A37C0765BD54499A00E5F728D3D3F89C4C003014995FCCE726A16C8932451419EE89F202000894C439BC720E8BF939689E0078A667E48A04894962A611D79869E5E8C866FAF1B353F962312B94C34DE188784CCFF4B40C8E301780AF6F96450125596D996891EDAD1CEDED59D6E668F9BFD9DF1E7E53FD3DC87AFB55F126ECCF9E418C9E59DF6CECAC2FBD1600F6245A9B1DB3BE955500B46D0640E5E1AC4FEF2000F20500B4DE9CF31E866C5E92C4E20C270B8BECEC6C73019F6B2E2BE837FB9F826FCABF8639F799CBEEFB563BA6173F81234915336545E5A6A7A64B44CCCC0C0E97CF64FDF710FFE3C03969CDC9C32C9C9FC017F185E85551E89409848968BB853C8158902E640A847FD5E17F18362707197E9D6B1468755F007D853950B84907C86F3D00432303246E3F7A027DEB5B10310AC8BEBC68AD91AF738F327AFEE7FA1F0B5C8A6EE14C412253E6F60C8F647225A22C19A3DF846CC10212900774A00A34812E30022C600D1C80337003DE2000848048100396032E4802694004B2413ED8000A4131D80176836A7000D4817AD0044E823670065C0457C00D700B0C8047400A86C14B3001DE81690882F01015A241AA9016A40F9942D6101B5A0879434150381403C5438990109240F9D026A8182A83AAA143503DF423741ABA085D83FAA007D0203406FD017D84119802D3610DD800B680D9B03B1C0847C2CBE04478159C0717C0DBE14AB8163E0EB7C217E11BF0002C855FC2930840C80803D14658081BF144429058240111216B9122A402A9459A900EA41BB98D489171E4030687A161981816C619E387598CE1625661D6624A30D5986398564C17E63666103381F982A562D5B1A65827AC3F760936119B8D2DC456608F605BB097B103D861EC3B1C0EC7C019E21C707EB8185C326E35AE04B70FD78CBB80EBC30DE126F178BC2ADE14EF820FC173F0627C21BE0A7F1C7F1EDF8F1FC6BF2790095A046B820F219620246C2454101A08E708FD8411C2345181A84F7422861079C45C6229B18ED841BC491C264E93144986241752242999B48154496A225D263D26BD2193C93A6447721859405E4FAE249F205F250F923F50942826144F4A1C4542D94E394AB94079407943A5520DA86ED458AA98BA9D5A4FBD447D4A7D2F47933397F397E3C9AD93AB916B95EB977B254F94D79777975F2E9F275F217F4AFEA6FCB80251C140C15381A3B056A146E1B4C23D8549459AA2956288629A62896283E235C55125BC928192B7124FA940E9B0D225A5211A42D3A579D2B8B44DB43ADA65DA301D4737A4FBD393E9C5F41FE8BDF4096525655BE528E51CE51AE5B3CA5206C23060F8335219A58C938CBB8C8FF334E6B9CFE3CFDB36AF695EFFBC2995F92A6E2A7C952295669501958FAA4C556FD514D59DAA6DAA4FD4306A266A616AD96AFBD52EAB8DCFA7CF779ECF9D5F34FFE4FC87EAB0BA897AB8FA6AF5C3EA3DEA931A9A1ABE1A191A551A9734C635199A6E9AC99AE59AE734C7B4685A0BB5045AE55AE7B55E309599EECC546625B38B39A1ADAEEDA72DD13EA4DDAB3DAD63A8B35867A34EB3CE135D922E5B3741B75CB75377424F4B2F582F5FAF51EFA13E519FAD9FA4BF47BF5B7FCAC0D020DA608B419BC1A8A18AA1BF619E61A3E16323AA91ABD12AA35AA33BC63863B6718AF13EE35B26B0899D4992498DC94D53D8D4DE5460BACFB4CF0C6BE6682634AB35BBC7A2B0DC5959AC46D6A039C33CC87CA3799BF92B0B3D8B588B9D16DD165F2CED2C532DEB2C1F59295905586DB4EAB0FAC3DAC49A6B5D637DC7866AE363B3CEA6DDE6B5ADA92DDF76BFED7D3B9A5DB0DD16BB4EBBCFF60EF622FB26FB31073D877887BD0EF7D8747628BB847DD511EBE8E1B8CEF18CE307277B27B1D349A7DF9D59CE29CE0DCEA30B0C17F017D42D1872D171E1B81C72912E642E8C5F7870A1D455DB95E35AEBFACC4DD78DE776C46DC4DDD83DD9FDB8FB2B0F4B0F91478BC794A793E71ACF0B5E8897AF579157AFB792F762EF6AEFA73E3A3E893E8D3E13BE76BEAB7D2FF861FD02FD76FADDF3D7F0E7FAD7FB4F043804AC09E80AA404460456073E0B320912057504C3C101C1BB821F2FD25F245CD4160242FC4376853C09350C5D15FA73182E2C34AC26EC79B855787E7877042D62454443C4BB488FC8D2C8478B8D164B167746C947C545D5474D457B4597454B97582C59B3E4468C5A8C20A63D161F1B157B247672A9F7D2DD4B87E3ECE20AE3EE2E335C96B3ECDA72B5E5A9CBCFAE905FC159712A1E1B1F1DDF10FF8913C2A9E54CAEF45FB977E504D793BB87FB92E7C62BE78DF15DF865FC91049784B284D14497C45D896349AE491549E3024F41B5E075B25FF281E4A9949094A32933A9D1A9CD6984B4F8B4D34225618AB02B5D333D27BD2FC334A33043BACA69D5EE5513A240D1914C28735966BB988EFE4CF5488C249B2583590BB36AB2DE6747659FCA51CC11E6F4E49AE46ECB1DC9F3C9FB7E356635777567BE76FE86FCC135EE6B0EAD85D6AE5CDBB94E775DC1BAE1F5BEEB8F6D206D48D9F0CB46CB8D651BDF6E8ADED451A051B0BE6068B3EFE6C642B94251E1BD2DCE5B0E6CC56C156CEDDD66B3AD6ADB97225ED1F562CBE28AE24F25DC92EBDF597D57F9DDCCF684EDBDA5F6A5FB77E0760877DCDDE9BAF3589962595ED9D0AEE05DADE5CCF2A2F2B7BB57ECBE56615B71600F698F648FB432A8B2BD4AAF6A47D5A7EAA4EA811A8F9AE6BDEA7BB7ED9DDAC7DBD7BFDF6D7FD3018D03C5073E1E141CBC7FC8F7506BAD416DC561DCE1ACC3CFEBA2EABABF677F5F7F44ED48F191CF478547A5C7C28F75D53BD4D737A8379436C28D92C6B1E371C76FFDE0F5437B13ABE95033A3B9F804382139F1E2C7F81FEF9E0C3CD9798A7DAAE927FD9FF6B6D05A8A5AA1D6DCD689B6A436697B4C7BDFE980D39D1DCE1D2D3F9BFF7CF48CF6999AB3CA674BCF91CE159C9B399F777EF242C685F18B8917873A57743EBAB4E4D29DAEB0AEDECB8197AF5EF1B972A9DBBDFBFC5597AB67AE395D3B7D9D7DBDED86FD8DD61EBB9E965FEC7E69E9B5EF6DBDE970B3FD96E3AD8EBE057DE7FA5DFB2FDEF6BA7DE58EFF9D1B038B06FAEE2EBE7BFF5EDC3DE97DDEFDD107A90F5E3FCC7A38FD68FD63ECE3A2270A4F2A9EAA3FADFDD5F8D766A9BDF4ECA0D760CFB388678F86B8432FFF95F9AF4FC305CFA9CF2B46B446EA47AD47CF8CF98CDD7AB1F4C5F0CB8C97D3E385BF29FEB6F795D1AB9F7E77FBBD6762C9C4F06BD1EB993F4ADEA8BE39FAD6F66DE764E8E4D37769EFA6A78ADEABBE3FF681FDA1FB63F4C791E9EC4FF84F959F8D3F777C09FCF278266D66E6DFF784F3FB323A597E000000097048597300000B1300000B1301009A9C18000001D569545874584D4C3A636F6D2E61646F62652E786D7000000000003C783A786D706D65746120786D6C6E733A783D2261646F62653A6E733A6D6574612F2220783A786D70746B3D22584D5020436F726520352E342E30223E0A2020203C7264663A52444620786D6C6E733A7264663D22687474703A2F2F7777772E77332E6F72672F313939392F30322F32322D7264662D73796E7461782D6E7323223E0A2020202020203C7264663A4465736372697074696F6E207264663A61626F75743D22220A202020202020202020202020786D6C6E733A746966663D22687474703A2F2F6E732E61646F62652E636F6D2F746966662F312E302F223E0A2020202020202020203C746966663A436F6D7072657373696F6E3E313C2F746966663A436F6D7072657373696F6E3E0A2020202020202020203C746966663A50686F746F6D6574726963496E746572707265746174696F6E3E323C2F746966663A50686F746F6D6574726963496E746572707265746174696F6E3E0A2020202020202020203C746966663A4F7269656E746174696F6E3E313C2F746966663A4F7269656E746174696F6E3E0A2020202020203C2F7264663A4465736372697074696F6E3E0A2020203C2F7264663A5244463E0A3C2F783A786D706D6574613E0A3974B66A000002E1494441546805ED9B4D8F9B301086876F08F9E8B597AAFF28FFBFEAA58756EAB149800402A9DF68496D6250576B63201E29BB18167B1EBF1E7B305967BFDFDFE8452C4D53725F84F58E9965D96B0183FAA514B6C0F781BEF01FFE105F599654140579AE43B7DB3C26737809579324A1300C9FF006815DA7A1AF5F3E93E779E4BAF308F7A669A8AE6BFAF9EBF7FB8071A3EF7B1404C1532F4DF90484C127F0E55AF6CA869BE6328C6502343D21D80B2CAB6409E72CF012541C62B00A0FF5CE12AE598597A0E210835578A87796704D9E7F19262BAB2B65F9F9E1C52A8E288AD4A4B893030668965F1EB0F783582C7EA434A9186E9A1BE585089BAED4A98B8E9A14F0E194DF9F655B057DCFA574A550DE2901236ECBF2DAB292E310EDB6E9A3ACEA60120A63281F8EB9C0B44E13B6F1A0DE3DF5350A6EFF5FA1385F08D0AD85A14F49FCBC3DD35EFFC86FE3C0B2896AC3D4D565C6814F59214C549895750CE5B6038D02D77543E74BD5FAC2F6A21CE5B3F2A3F2B703A3C07C36057FB69B55D73FE56563C088DD4B29AA1B06FA133F6DC05857AB6BDDABD0F9527662576D82D1D7B0F22E05E89F43F680C1F2B2593FCFBA7C0A892443D732D40557AE70C580F92DE1E2CC5ED7B00F6FE8147EDD5D25117F59EBB172E0843DCA2107E60D4B0F3FBCBB9315EE19CB44CF14B48AA5E5D36E2D4043F1E35BEA788FEDEA5F6CC7EC3917F78C65CA81E1380090F823365BBBB235F7782A84077B5C4B461CCE684F0B302A46B6B45D8BEB2A62B9E2D40D02F6B28EBDB01BD3B4010302DB3218B27D86AD9BB14D2B3060F098278B519C53B54FF59E4ED30EDCC673D729D53B19DDFAFBCACA130F594388D31DCB9373F6DC0B73D86C1685FD435D5687AA73A300C3590C5F1343B8DB51DA8774B741D3650B6C5A01DDED5B8575F7B0E9FAADC2A615D0DDBE5558770F9BAEDF2ACC2B50B077B5F866EADC0C5F7BE6B78079FF077369D70BE8DBF71FFCDFCFE618FFC122B341E0388E099F25998DE125A92963B10ACB7A6549E7FE02266BC45D9B6034070000000049454E44AE426082');
INSERT INTO "icons" VALUES(1, 'image/png', 60, 60, 'have_check', X'89504E470D0A1A0A0000000D494844520000003C0000003C08060000003AFCD97200000A41694343504943432050726F66696C650000480D9D96775453D91687CFBD37BDD012222025F41A7A0920D23B48150451894980500286842676440546141129566454C0014787226345140B838262D709F21050C6C1514445E5DD8C6B09EFAD35F3DE9AFDC759DFD9E7B7D7D967EF7DD7BA0050FC8204C27458018034A15814EEEBC15C1213CBC4F7021810010E5801C0E166660447F84402D4FCBD3D9999A848C6B3F6EE2E8064BBDB2CBF502673D6FF7F912237432406000A45D5363C7E2617E5029453B3C51932FF04CAF495293286313216A109A2AC22E3C4AF6CF6A7E62BBBC9989726E4A11A59CE19BC349E8CBB50DE9A25E1A38C04A15C9825E067A37C0765BD54499A00E5F728D3D3F89C4C003014995FCCE726A16C8932451419EE89F202000894C439BC720E8BF939689E0078A667E48A04894962A611D79869E5E8C866FAF1B353F962312B94C34DE188784CCFF4B40C8E301780AF6F96450125596D996891EDAD1CEDED59D6E668F9BFD9DF1E7E53FD3DC87AFB55F126ECCF9E418C9E59DF6CECAC2FBD1600F6245A9B1DB3BE955500B46D0640E5E1AC4FEF2000F20500B4DE9CF31E866C5E92C4E20C270B8BECEC6C73019F6B2E2BE837FB9F826FCABF8639F799CBEEFB563BA6173F81234915336545E5A6A7A64B44CCCC0C0E97CF64FDF710FFE3C03969CDC9C32C9C9FC017F185E85551E89409848968BB853C8158902E640A847FD5E17F18362707197E9D6B1468755F007D853950B84907C86F3D00432303246E3F7A027DEB5B10310AC8BEBC68AD91AF738F327AFEE7FA1F0B5C8A6EE14C412253E6F60C8F647225A22C19A3DF846CC10212900774A00A34812E30022C600D1C80337003DE2000848048100396032E4802694004B2413ED8000A4131D80176836A7000D4817AD0044E823670065C0457C00D700B0C8047400A86C14B3001DE81690882F01015A241AA9016A40F9942D6101B5A0879434150381403C5438990109240F9D026A8182A83AAA143503DF423741ABA085D83FAA007D0203406FD017D84119802D3610DD800B680D9B03B1C0847C2CBE04478159C0717C0DBE14AB8163E0EB7C217E11BF0002C855FC2930840C80803D14658081BF144429058240111216B9122A402A9459A900EA41BB98D489171E4030687A161981816C619E387598CE1625661D6624A30D5986398564C17E63666103381F982A562D5B1A65827AC3F760936119B8D2DC456608F605BB097B103D861EC3B1C0EC7C019E21C707EB8185C326E35AE04B70FD78CBB80EBC30DE126F178BC2ADE14EF820FC173F0627C21BE0A7F1C7F1EDF8F1FC6BF2790095A046B820F219620246C2454101A08E708FD8411C2345181A84F7422861079C45C6229B18ED841BC491C264E93144986241752242999B48154496A225D263D26BD2193C93A6447721859405E4FAE249F205F250F923F50942826144F4A1C4542D94E394AB94079407943A5520DA86ED458AA98BA9D5A4FBD447D4A7D2F47933397F397E3C9AD93AB916B95EB977B254F94D79777975F2E9F275F217F4AFEA6FCB80251C140C15381A3B056A146E1B4C23D8549459AA2956288629A62896283E235C55125BC928192B7124FA940E9B0D225A5211A42D3A579D2B8B44DB43ADA65DA301D4737A4FBD393E9C5F41FE8BDF4096525655BE528E51CE51AE5B3CA5206C23060F8335219A58C938CBB8C8FF334E6B9CFE3CFDB36AF695EFFBC2995F92A6E2A7C952295669501958FAA4C556FD514D59DAA6DAA4FD4306A266A616AD96AFBD52EAB8DCFA7CF779ECF9D5F34FFE4FC87EAB0BA897AB8FA6AF5C3EA3DEA931A9A1ABE1A191A551A9734C635199A6E9AC99AE59AE734C7B4685A0BB5045AE55AE7B55E309599EECC546625B38B39A1ADAEEDA72DD13EA4DDAB3DAD63A8B35867A34EB3CE135D922E5B3741B75CB75377424F4B2F582F5FAF51EFA13E519FAD9FA4BF47BF5B7FCAC0D020DA608B419BC1A8A18AA1BF619E61A3E16323AA91ABD12AA35AA33BC63863B6718AF13EE35B26B0899D4992498DC94D53D8D4DE5460BACFB4CF0C6BE6682634AB35BBC7A2B0DC5959AC46D6A039C33CC87CA3799BF92B0B3D8B588B9D16DD165F2CED2C532DEB2C1F59295905586DB4EAB0FAC3DAC49A6B5D637DC7866AE363B3CEA6DDE6B5ADA92DDF76BFED7D3B9A5DB0DD16BB4EBBCFF60EF622FB26FB31073D877887BD0EF7D8747628BB847DD511EBE8E1B8CEF18CE307277B27B1D349A7DF9D59CE29CE0DCEA30B0C17F017D42D1872D171E1B81C72912E642E8C5F7870A1D455DB95E35AEBFACC4DD78DE776C46DC4DDD83DD9FDB8FB2B0F4B0F91478BC794A793E71ACF0B5E8897AF579157AFB792F762EF6AEFA73E3A3E893E8D3E13BE76BEAB7D2FF861FD02FD76FADDF3D7F0E7FAD7FB4F043804AC09E80AA404460456073E0B320912057504C3C101C1BB821F2FD25F245CD4160242FC4376853C09350C5D15FA73182E2C34AC26EC79B855787E7877042D62454443C4BB488FC8D2C8478B8D164B167746C947C545D5474D457B4597454B97582C59B3E4468C5A8C20A63D161F1B157B247672A9F7D2DD4B87E3ECE20AE3EE2E335C96B3ECDA72B5E5A9CBCFAE905FC159712A1E1B1F1DDF10FF8913C2A9E54CAEF45FB977E504D793BB87FB92E7C62BE78DF15DF865FC91049784B284D14497C45D896349AE491549E3024F41B5E075B25FF281E4A9949094A32933A9D1A9CD6984B4F8B4D34225618AB02B5D333D27BD2FC334A33043BACA69D5EE5513A240D1914C28735966BB988EFE4CF5488C249B2583590BB36AB2DE6747659FCA51CC11E6F4E49AE46ECB1DC9F3C9FB7E356635777567BE76FE86FCC135EE6B0EAD85D6AE5CDBB94E775DC1BAE1F5BEEB8F6D206D48D9F0CB46CB8D651BDF6E8ADED451A051B0BE6068B3EFE6C642B94251E1BD2DCE5B0E6CC56C156CEDDD66B3AD6ADB97225ED1F562CBE28AE24F25DC92EBDF597D57F9DDCCF684EDBDA5F6A5FB77E0760877DCDDE9BAF3589962595ED9D0AEE05DADE5CCF2A2F2B7BB57ECBE56615B71600F698F648FB432A8B2BD4AAF6A47D5A7EAA4EA811A8F9AE6BDEA7BB7ED9DDAC7DBD7BFDF6D7FD3018D03C5073E1E141CBC7FC8F7506BAD416DC561DCE1ACC3CFEBA2EABABF677F5F7F44ED48F191CF478547A5C7C28F75D53BD4D737A8379436C28D92C6B1E371C76FFDE0F5437B13ABE95033A3B9F804382139F1E2C7F81FEF9E0C3CD9798A7DAAE927FD9FF6B6D05A8A5AA1D6DCD689B6A436697B4C7BDFE980D39D1DCE1D2D3F9BFF7CF48CF6999AB3CA674BCF91CE159C9B399F777EF242C685F18B8917873A57743EBAB4E4D29DAEB0AEDECB8197AF5EF1B972A9DBBDFBFC5597AB67AE395D3B7D9D7DBDED86FD8DD61EBB9E965FEC7E69E9B5EF6DBDE970B3FD96E3AD8EBE057DE7FA5DFB2FDEF6BA7DE58EFF9D1B038B06FAEE2EBE7BFF5EDC3DE97DDEFDD107A90F5E3FCC7A38FD68FD63ECE3A2270A4F2A9EAA3FADFDD5F8D766A9BDF4ECA0D760CFB388678F86B8432FFF95F9AF4FC305CFA9CF2B46B446EA47AD47CF8CF98CDD7AB1F4C5F0CB8C97D3E385BF29FEB6F795D1AB9F7E77FBBD6762C9C4F06BD1EB993F4ADEA8BE39FAD6F66DE764E8E4D37769EFA6A78ADEABBE3FF681FDA1FB63F4C791E9EC4FF84F959F8D3F777C09FCF278266D66E6DFF784F3FB323A597E000000097048597300000B1300000B1301009A9C18000001D569545874584D4C3A636F6D2E61646F62652E786D7000000000003C783A786D706D65746120786D6C6E733A783D2261646F62653A6E733A6D6574612F2220783A786D70746B3D22584D5020436F726520352E342E30223E0A2020203C7264663A52444620786D6C6E733A7264663D22687474703A2F2F7777772E77332E6F72672F313939392F30322F32322D7264662D73796E7461782D6E7323223E0A2020202020203C7264663A4465736372697074696F6E207264663A61626F75743D22220A202020202020202020202020786D6C6E733A746966663D22687474703A2F2F6E732E61646F62652E636F6D2F746966662F312E302F223E0A2020202020202020203C746966663A436F6D7072657373696F6E3E313C2F746966663A436F6D7072657373696F6E3E0A2020202020202020203C746966663A50686F746F6D6574726963496E746572707265746174696F6E3E323C2F746966663A50686F746F6D6574726963496E746572707265746174696F6E3E0A2020202020202020203C746966663A4F7269656E746174696F6E3E313C2F746966663A4F7269656E746174696F6E3E0A2020202020203C2F7264663A4465736372697074696F6E3E0A2020203C2F7264663A5244463E0A3C2F783A786D706D6574613E0A3974B66A00000518494441546805ED9A5D53DB4614868F2CEB030C26018630342493E955D28BE69FF0C373D569A76992E905B401433EC0254648B6A49E77BD6BAF84144A59D90B663DB6A4D54ABBCFBEE79CDD95E5ECEDEDE5B420A9D3E9506B415805E66030582C60502F94C2006EE3A72EE5C4EEEDC8B36A5B57D8967C159144D3AF36BA1638771897BFB001B105D0D5EB6DC11CB743C23A393734E32C40635F4B95C0501690F130A6244A281DA69467F26EDAC536EE3A2D875CCF257FC9A7C00BC6D09A5295C0389FB7728AFA116D3FDFA020F0C9F3DB9C5DEC2DDB8021D43019511C27D4DBFF42FE963F5658D3AA1E38CFC961BE95EE323919EFA4B6E15D6D0F04F13D8FBCA04D79FE79EC82D0E85A602EE3B80E65306314667F28FBC2D5EAECC811AEA70C516DB5A6552BAC152898B1D6535A117B762560A1CDA5D62DDC38FC005CB2807B77F8A0F0BD93B404746D942E959FDD617948313442D807AC40798B9953618831006D173020B1600134162DF28399DE04FC96D0F6002B5897C8EB0EE9F1EE90BC704C179DB6E9EB87600A7D0BC7B203188A4A55838D213D7B1D1590E273EE059CBFA5BAB8A935C392305F37A7CD174901F6E2CCA54FACAE09583B80A529E70CFBE8594CCB6BD365593A223AFA834D59F7E14277DCFC60FE0A4B7376FC8C369E17D5EDBD0B291DB039CBA71726549E2F30D4C587D5DD7E7549AE1651FAC76D1A9C78E4A41C9FF198C680FFCED7A4A5B28822E1FA885637A6A63CBC74E8E43D9BF2481B8E6E6EBD9557CC5561A56E39507DDEF7294FB86950557D2B9B7FF3CCF9002B75D93D57779242A0BAE8BB747EC8CFA20C9BB2EA9AF9000BE172CA5A196D9602D5D15B3665C08A815735D3DC560B13866E0AF5AA920A3A9ABADD9DE96C0A977CDAF728BD707918E203C3A6AC9A641658C2C037F534514B660BDFE5C7C06BDB3CD06AE99F231995A16EF1165AA9DBED9A03D66031CC04DD945A7CF7E8EB781C9D40A31C3B92BF3A2AF82E8621A16E43CAAA6E3207CC7784726E27A59D9F230A5760974497DF5A74F0A643C462025AA9FBF8E9509C573FA77FB1BA6A46D590BAA8CB78D0F296F2092C2A00F8939711E56D4695FF55395E462B9B537346644ECEB9EF95EFE2C2869271E0E8D4A57EAF6838F0550C3F80CEDC8CE7CC49615675FAB7A66E43A0EAB6E680D90C310584591EBF5D22F8A49EB67E8CA9D519911364B4FEC3D49C31ABFA76C26531D16AD87FD11E73C0924E40F394B0F77B28FC57660B459FFE14D3A3DD92BA1F67A7AE7960A910A05B698B3EFEC6AB9DA9AB52D8C9686B779A8173FDC331F02CD4350F8C3B2AB3E40084A5DDC99FBC78AF49FD636F3A67AE29633ADBB8498B062A7FE62922E6C5E75F782CAE4893A1C8E0F2AFA29A425633C0B20A8CBB58E2C19F119CF484488E8986B008FD44C3FBC5506AB23298362731D9885D3AFC7589D65FC493E1E8EC40AE88B8C42CA19B0306AD82E6A12A396B53EF17FE679E3FE884C99FECB20C8ACF22350B0C02050D48F9504300AB73F70E588161CB69028B8319C3A2CAE615462D4873801B575CFC6D344A17ABB2E3E801D80E1D9A6BC583C2CDF5AD1D77BE364A4F260A686F7176680741452BD0E6BA540FACAE01241BFE5D799B56ACF0953060501CB207AA81654187DF2E8DF9F5E1805FC585BA8549435D17CE315F28CBED8C069784D788CBB0685A2D3016F16137A4830FBD3922FCFFAA97D7F82DE08A656725B09ADC874148C1135EC0DFB558CE0F1FC4A326F5D857EBB74A609C17BDC3937D98B5787CAA5D64FDAE72C98A285B0B2CA0714185E35B0FFC9D06DE3563FD0ECA7F3BB570C0FF02BA3D9B296CC3FD660000000049454E44AE426082');
INSERT INTO "icons" VALUES(2, 'image/png', 128, 128, 'default_avatar', X'89504E470D0A1A0A0000000D4948445200000080000000800806000000C33E61CB00000C3B4944415478DAED9D77B0254515870F2282A2A2E0AEE85AB82A88828228060C183061028CA8080FB414C3020650B0561750410115436176CD097505316002115D101366A955585C291141C58084D5F3BD7EF771DFEC84EE99EEE9B9B7FBAB3A7FDC7B67A67B667E77A6FBF4E9D31B492669368A5D814C5CB20012270B2071B20012270B2071B20012270B2071B20012270B2071B20012270B2071B20012270B2071B20012270B2071B20012270B2071620B6013B57BA9DD53ED0E6A5BAA6DAC7695DA156A6BD57EA9F6A7C8F5EC02E7740FB5C56A5BA86DAA76B5DABFE6CEEBB7739FA31043009BAB3D5DED996ABBABDDD2629F756AE7A87D5DED0CB5BF44A8B72DF751DB53ED216A3BABDDC9629F4BD4BEAFF615B5D3D5FEDE5765FB14C06DD48E503B58EDB61D8E7383DAB7D53EA2B64ACC3F293688F800B5978A799A75E1DF6A9F523B41CCD321287D0880320E547BB3DAED3C1FFB4AB553D44E54FB5B0FE752C63E6A6F57DBC6F3716F983BB7E521CF2DB400F8A77F4CED8981CBE1957088DAA70397330EEF726EFCC181CBB95C6D3FB56F8438784801D0A8FB96747F24BAF051B5656AFF085CCE2231AF9F07F7745E3C0D5EA7769CDAFF7C1E389400B840674BBF377FC41A310DCC1F073AFE0E6AA7A9DD2DC2B921F083C408C20B2104C0639F9B7FEF9E2E4A19D7A81DAAF63ECFC7DD4BCC2BED5611CFEDE36AFB8BA727816F01DC4CEDAB6A8FEAF9A254F159316D833F773CCECDD556A81D2EF17D2770BCDA913E0EE4FB6468141DDAFBE5A88716F4ABD53E28EE8F4E6EFC73D48E52BB6BEC1329F06CF1D0E8F52980A7AA7D3EDAE568E652B50FA97D4DED02B5EB2BAEC79DD51EA6F618318FFC5BC7AE7805F80B7651FB5D9783F81200DEAE9F8B71F64C02D7A9FD5E4CF791F6C26662DCB4FCCB378F5D3907CE13E3716CDD28F425005C987BC6BE1A89F24AB5B7B6DDD987007081AE8C7D1512868124BADBEBDAECDC55003CF279072D8A7D151287AEE9FE6D76EC2A8093C574B33271592F66E4F117AE3B7611C08E6A3F55BB69ECB3CFCC8277722FD79DBA0860559B022DF8ABDA85B2B065BBADDAD200654D1378068945B8D065A7B6027880DAEA0EFB57F106B563D5AE2DF9ED5962FAF1B7F05CE634C158C1012E3BB4BD8144E63CD673E5B9B9CF6FD8E6C0B9ED32E5E0DC62906AADED0E6D0480F729C4481B8FAF9F356C43BC20B18293E2708A014FD1E5B61BB711C067C40CB7FA869B6A130B77BEDAFD0394DF1704BCD27B22F68F58401AD1DBA93D4DED4562C61FBA709998E8A4EB6D36761500075E23615AFEB6022038F4A101CAEF03464A195CAA0AF1621C82F194FB752C07317DC166435701E0727C79A08B33ED0220A40B777993DF9EC1A773C584CBB7C5BA4BE822001E4DB81BBB44F4D631CD02E0BC78CCDB86B3D31EFA91DA4D5A96472F8A90BC2B9B36741140689FFF340BE06D6AAF70DC877FF1933B94497BA23122CA45008479EDEEFDD2DCC8340BE0D16202645DE006BEA7439967A93DB269235B01D0B7BCC861FB364CB300EEA276B1E33E7BA87DB34399B435780DD4BE766C6F2821516F0C7471464CB30068DD5B3B67E620AED2F5A95104C7D9CABA0D6C05F013310D93904CB3001EAEF65DC77DF08A7EA063B98CD7EC53B7818D00EE2EDDE6A8D122B599BFB754EC2674107DF4A0866D98B533A43103A6C5BDC6719F53C5F4E7BB40DC20D3F1FE53B5818D005E2BC6BDE80A7D595ABEE7773C89B62C15E3123D2852F9E3F01E6644D376C6D2F662C6F67D38DC086EAD6C4BD80800BFFF2E8E85FE666E9F6B3C9C40578896D92F7625C4FCA371A1374DE8E0E9458FEB819ECA7D8B98B0F8529A04402B729DC57645F656FB92A713E80A891948C4B071EC8A8899D5F342A97E24934C82C92C7B782C93F6DB7DAB7E6CBAB16D9D3F4B6458593D18BF18CAC40E7A034CF264306814C8C923FF196226D5F89E424FB8D8D652D11D6C12C027C5CC4071C5B645DF1744C9C49CAB58054F02DCBD9B062E07719D5AF6439D00A818AAD9B24581A90960ED5C19B4799824B3AB0C2B5692E1E7C3CA7EA81300615FE7B52C9030F12B629FF518BF1693A8C937F4ED6960AD2E7CBF95985153266D6C16FBE4C50C2CED5AF6439D00A8FC892D0BA49FDE563CBE61C63281A636C9A85C60222CD7687DCD36BB8919D4F1FD5E7785E0104671FF59FCA14E000414D47A916AB089EFEB8B19B50F7B3E26411BBC576DE6E8D3A23F53DA0FEDFAA2D41F502700E6D42FEE50E028A589556852209E22A621EB73C227DE359C3A9739ECF30931914031C129B68143AF4A009CE0451E0A654A76D554EC2233622E6E13C788DDFB9C6D4234FC9C43AFC58C5D9C13A02E2EE097D9BBF8659500624CF89C94C120B282BDD7711F9C508C8784EEEED5815F6649F1CB2A019C22E1D39F15991401106B775A8BFD781ADA640D0D090EA105E972AA0440DAD2DD7AAEDCA4088034B76D32A1D02DDE2A62BD81C93C0BF20D960980D62A37C277B7A9894911C09BC48C90BA704769397FDF331B2493281380AF06A02B9322006223C815B8DE619F97A9BD33629D479028EB05E35F940980BEBFD5A402CF4C8A0060464CB26A1BC82988277289E5F621F99E980458F39409E068317DF8BE992401504F22A49BA662D3FAFF9CB477A8F986B19D05BE9D320174F1007661920400CCF123E8B22AEE81580A3C908F8B5DD1020BAE73990048F7D6655A92978AD540A8595F499A6DF88198FCFEE3A3818F57DB57FA6F48DBB093987B3C4B51007CC661D175866A1B98787AA9C576178B09B3CEB403F7F8E9A30F4501D050F963A48A315E7D72C336CC9ABD2052FDA685978871F4CD5214002D44D7F8755F1031CB88555514315E2C9C18315E4FD3046329AF1F7D280A2076D247E61010144980C575637524668E3C78B13D69D3C0025F4051000C17BA7AB93293C517C524F69EA52880218C5B67C2C29C83478C3E1405C064C4A12CF6900903DDD59D471F8A026095CE1D62D7301314723B6F3FFA5014004B94E5C4CFD30D21ECF37E94A200FE2B268A3633BD1010B2F5E84351005ED7A4CB0C12DCEDF38936C70580FBD726283333D9540A80357362ADBF9BE98F4A01407E054C3FCC929A9FA9941B81E951DB0BE83A1B28337C582E6F7EDDE3A200FAC806D607BCCAF06910DB80A0871898118B1F8A99F93D4B5100040A3C29760D3BC0FB8DC12C96541D8F2E22D3D9368EC762789AD9B48C502E9ADB9F0BC7F4AAA1641B690319CB9F30FA5014408C1941BE209915B3764207B410E849E6B19324EE2AE26D5930B7B12880656AEF885DC316F0582398A4CFAC2404A6307836696D26723E1C3EFA501400A1CE67C7AEA1234C7A24A55A8C503652E111141A73D2A72B2F96B124D44501308F9E1CF393D215E4FD8C68636623E99249250684A99F39FA5016163E94B87B1B98C4B222721D68137C594C28F8244003F60FA30F6502582163418303E657621EC1D7763D900770ADD20ED93676451AA06743AEA0F9798D650260E240D3F26DB1E104C8BD7356EC8A8C41579388E62D6257A486EF4821E2AB2A3F40A8B46ABEA8CD7F1B112E2EFDECA1B6A116F400A04A00AF523B21766D2BA097C2BFBF69F5AD583C574C82EA90ABABB40527DF19E35F545592F704090D624C11AB83AE1E898F6D57DF8A056B031C17BB120518E823EBEB82988F3A95B2D2D561321C86D0E57321E41A8B6D60BDE70D7A2A7502B8BD982CDB3E73ECB585C19DE78999B73029706DDF2FC34998493D365878BBE93D359447D9916AC7C7AE440BF011B046C0BE91EB71B5983C454EA962611331B371778A5879047854C4F2BB8208564ADC554B68D01F51F6834D4B95410FDEBB3116616AB3D8D2104104AC003613A16C9C3F2C5B7B79D98FB65D95185D1BBC91C7F4585E68B876E43F58D673B90BF2019455CA1656003BA9870AD3DA2726C17786EFA1C0138D5C837DFC99C864461EA3CA605FD74A84AE3CBD0E9E3693D2D56B0BD946574AD81E16D9C958EEA7D661D6E646B29821DD1BDFCBC873410E11D3624D011AD6ACE3B39DE7E3F26FE7D579B45884F9B7FD2733B7ECDD329668A0030454E09F3ED7F38598040829A35D30237E9EAA04F5F2CE5F6DBB43D742599E7CB9582C535E0065127780B7719587139F7458CF87481D3278B92E2F432A1D42D3DE2566595DA7C93DBEDEE53B8AC92C42B40961E5658B34D2B863F1225C923847D6782A7B9AE0BAB1DE12E31D5C474664F1C88E566EE31A12F9CCE40E723930FC4CE2ACABDA1618A231477C1C81118BE74E08EF13A9D22F911B133F6506C210872C333D920590385900899305903859008993059038590089930590385900899305903859008993059038590089930590385900899305903859008993059038FF072939069FC66E77960000000049454E44AE426082');
DELETE FROM sqlite_sequence;
INSERT INTO "sqlite_sequence" VALUES('users', 1);
INSERT INTO "sqlite_sequence" VALUES('collections', 2);
INSERT INTO "sqlite_sequence" VALUES('achievements', 191);
INSERT INTO "sqlite_sequence" VALUES('icons', 2);
CREATE TABLE users (  id INTEGER PRIMARY KEY AUTOINCREMENT,  username TEXT UNIQUE,  realname TEXT,  email TEXT,  website TEXT,  avatar INTEGER,  FOREIGN KEY( avatar ) REFERENCES icons(id));
INSERT INTO "users" VALUES(1, 'monkeynova', 'Keith Peters', 'keith@monkeynova.com', 'http://www.monkeynova.com/', NULL);
CREATE TABLE collections (  id INTEGER PRIMARY KEY AUTOINCREMENT,  created DATETIME,   modified DATETIME,   title TEXT,  description TEXT,  owner INTEGER NOT NULL,  privacy INTEGER NOT NULL,  FOREIGN KEY( owner ) REFERENCES users(id),  FOREIGN KEY( privacy ) REFERENCES privacy(id));
INSERT INTO "collections" VALUES(1, '2014-08-11', '2014-08-13', 'MD40', '40 things every drunkard should do before he dies -- [source](http://www.moderndrunkardmagazine.com/issues/01-04/01-04-40-things.htm)', 1, 1);
INSERT INTO "collections" VALUES(2, '2014-08-13', '2014-08-13', '/fit/ Achievements', 'Do you even lift bro? -- [source](http://i.imgur.com/qTLKU.png)', 1, 1);
CREATE TABLE achievements (  id INTEGER PRIMARY KEY AUTOINCREMENT,  title TEXT,  description TEXT,  need_icon INTEGER,  have_icon INTEGER,  collection INTEGER NOT NULL,  FOREIGN KEY( have_icon ) REFERENCES icons(id),  FOREIGN KEY( need_icon ) REFERENCES icons(id),  FOREIGN KEY( collection ) REFERENCES collections(id));
INSERT INTO "achievements" VALUES(1, 'I''ll be here all day', 'Open and close a bar - Find one that opens before noon', NULL, NULL, 1);
INSERT INTO "achievements" VALUES(27, 'A marathon, not a sprint', 'Go on a bender -- Remain drunk for four straight days and nights', NULL, NULL, 1);
INSERT INTO "achievements" VALUES(28, '1/5th', 'Drink a fifth of hard liquor, by yourself, in one day', NULL, NULL, 1);
INSERT INTO "achievements" VALUES(29, 'Lampshade time', 'Dance like a fool in front of a large hooting crowd', NULL, NULL, 1);
INSERT INTO "achievements" VALUES(30, 'Sorry, officer', 'Spend a night in the drunk tank', NULL, NULL, 1);
INSERT INTO "achievements" VALUES(31, 'Remember the fallen', 'Get drunk on the grave of your hero', NULL, NULL, 1);
INSERT INTO "achievements" VALUES(42, 'It''s on me', 'Buy a crowded bar a round -- For no reason at all', NULL, NULL, 1);
INSERT INTO "achievements" VALUES(43, 'Road trip', 'Embark on an impromptu road trip', NULL, NULL, 1);
INSERT INTO "achievements" VALUES(44, '...and don''t come back', 'Get 86''ed from a bar', NULL, NULL, 1);
INSERT INTO "achievements" VALUES(45, 'Restoring Faith', 'Extravagantly overtip a bartender -- And do so relatively sober', NULL, NULL, 1);
INSERT INTO "achievements" VALUES(46, 'Why not?', 'Walk up to an attractive stranger way out of your league and buy him/her a drink', NULL, NULL, 1);
INSERT INTO "achievements" VALUES(47, 'Overtime', 'Conspire an afterhours at your favorite bar', NULL, NULL, 1);
INSERT INTO "achievements" VALUES(48, 'Gin, Vermouth, Olive', 'Make your best friend a perfect martini', NULL, NULL, 1);
INSERT INTO "achievements" VALUES(49, 'D.I.Y.', 'Buy, build or steal a home bar', NULL, NULL, 1);
INSERT INTO "achievements" VALUES(50, 'Support structure', 'Get carried home by your drinking buddies', NULL, NULL, 1);
INSERT INTO "achievements" VALUES(51, 'Rights of passage', 'Get drunk with your father', NULL, NULL, 1);
INSERT INTO "achievements" VALUES(52, 'Fight club', 'Fight a good fight', NULL, NULL, 1);
INSERT INTO "achievements" VALUES(53, 'Meet the makers', 'Visit the source of your favorite beer, wine or liquor', NULL, NULL, 1);
INSERT INTO "achievements" VALUES(54, 'Sunrise', 'Drunkenly watch the sun come up with your best boozing buddies and a bottle', NULL, NULL, 1);
INSERT INTO "achievements" VALUES(55, 'Face your fear', 'Sit in on an A.A. meeting', NULL, NULL, 1);
INSERT INTO "achievements" VALUES(56, 'Drunken Dozen', 'Hit a dozen bars in one night', NULL, NULL, 1);
INSERT INTO "achievements" VALUES(57, 'Century', 'Try at least one hundred different drinks', NULL, NULL, 1);
INSERT INTO "achievements" VALUES(58, 'Know your roots', 'Get loaded in the land of your forefathers', NULL, NULL, 1);
INSERT INTO "achievements" VALUES(59, 'T.P.S. Report', 'Juice on the job', NULL, NULL, 1);
INSERT INTO "achievements" VALUES(60, 'The big bottle', 'Split a magnum of expensive champagne with your true love', NULL, NULL, 1);
INSERT INTO "achievements" VALUES(61, 'The less fortunate', 'Give a hobo twenty bucks -- Make him promise he''s going to spend it on hooch', NULL, NULL, 1);
INSERT INTO "achievements" VALUES(62, 'I wouldn''t say I''ve been missing it...', 'Get loaded and tell your boss exactly how you feel', NULL, NULL, 1);
INSERT INTO "achievements" VALUES(63, 'Try this', 'Send a friend a bottle of good liquor', NULL, NULL, 1);
INSERT INTO "achievements" VALUES(64, 'Protein', 'Eat a pickled egg from the big jar', NULL, NULL, 1);
INSERT INTO "achievements" VALUES(65, 'It was this big', 'Go on a fishing trip with your pals', NULL, NULL, 1);
INSERT INTO "achievements" VALUES(66, 'Mezcal Dreams', 'Eat the worm', NULL, NULL, 1);
INSERT INTO "achievements" VALUES(67, 'Bar-d', 'Learn at least one traditional drinking song', NULL, NULL, 1);
INSERT INTO "achievements" VALUES(68, 'Grand Theft Booze-O', 'Steal some booze', NULL, NULL, 1);
INSERT INTO "achievements" VALUES(69, 'Drink the rent', 'Spend half a paycheck on a single bottle of liquor', NULL, NULL, 1);
INSERT INTO "achievements" VALUES(70, 'Inner Hemmingway', 'Start your long-awaited and very personal autobiography: Me and the Booze: A Love Story', NULL, NULL, 1);
INSERT INTO "achievements" VALUES(71, 'The Green Fairy', 'Experience absinthe', NULL, NULL, 1);
INSERT INTO "achievements" VALUES(72, 'Like a spider needs a fly', 'Watch the movie Barfly with five of your closest friends', NULL, NULL, 1);
INSERT INTO "achievements" VALUES(73, 'The other side of the bar', 'Work at least a week as a bartender', NULL, NULL, 1);
INSERT INTO "achievements" VALUES(74, 'Homebrew', 'Make your own beer, wine or moonshine', NULL, NULL, 1);
INSERT INTO "achievements" VALUES(75, 'And another thing, "God"...', 'Go to your place of worship loaded', NULL, NULL, 1);
INSERT INTO "achievements" VALUES(76, 'Running man', 'Run a mile in 7 minutes', NULL, NULL, 2);
INSERT INTO "achievements" VALUES(77, 'Speedy Gonzalez', 'Run a mile in 6 minutes', NULL, NULL, 2);
INSERT INTO "achievements" VALUES(78, 'Flash', 'Run a mile in 5< minutes', NULL, NULL, 2);
INSERT INTO "achievements" VALUES(79, 'Mara Man', 'Complete a half marathon', NULL, NULL, 2);
INSERT INTO "achievements" VALUES(80, 'Marathon Man', 'Complete a marathon', NULL, NULL, 2);
INSERT INTO "achievements" VALUES(81, 'Track Star', 'Run 100m in under 12 seconds', NULL, NULL, 2);
INSERT INTO "achievements" VALUES(82, 'Tour De France', 'Bike over 100 miles in a single day', NULL, NULL, 2);
INSERT INTO "achievements" VALUES(83, 'Pool Party', 'Swim 1 mile', NULL, NULL, 2);
INSERT INTO "achievements" VALUES(84, 'Phelps Mode', 'Swim 2 miles', NULL, NULL, 2);
INSERT INTO "achievements" VALUES(85, 'Bro-pentice', 'Bodyweight bench press', NULL, NULL, 2);
INSERT INTO "achievements" VALUES(86, 'Prince Bro', '1.5x body weight bench press', NULL, NULL, 2);
INSERT INTO "achievements" VALUES(87, 'King of the Bros', '2x bodyweight bench press', NULL, NULL, 2);
INSERT INTO "achievements" VALUES(88, 'It''s like Standing', 'Bodyweight squat', NULL, NULL, 2);
INSERT INTO "achievements" VALUES(89, 'Squat Lower, faggot!', '1.5x bodyweight squat', NULL, NULL, 2);
INSERT INTO "achievements" VALUES(90, 'EXPLODING KNEES', '2x bodyweight squat', NULL, NULL, 2);
INSERT INTO "achievements" VALUES(91, 'Health Nut', 'Give up fast food for a year', NULL, NULL, 2);
INSERT INTO "achievements" VALUES(92, 'Mountain Man', 'Eat a carton of eggs in a day', NULL, NULL, 2);
INSERT INTO "achievements" VALUES(93, 'GOMAD!', 'Drink a gallon of milk in a day', NULL, NULL, 2);
INSERT INTO "achievements" VALUES(94, '''Dat V taper', '2:1 shoulder to waist ratio', NULL, NULL, 2);
INSERT INTO "achievements" VALUES(95, 'Brofist', 'Lose virginity', NULL, NULL, 2);
INSERT INTO "achievements" VALUES(96, 'Confidence Builder', 'Talk to girl while sober', NULL, NULL, 2);
INSERT INTO "achievements" VALUES(97, 'Rage Squat', 'Workout to take out anger', NULL, NULL, 2);
INSERT INTO "achievements" VALUES(98, 'Gym Bro', 'Workout to bond with friends', NULL, NULL, 2);
INSERT INTO "achievements" VALUES(99, 'Solitude', 'Solemn alone workout', NULL, NULL, 2);
INSERT INTO "achievements" VALUES(100, 'Otter', 'Unlock ottermode', NULL, NULL, 2);
INSERT INTO "achievements" VALUES(101, 'Bear', 'Unlock bearmode', NULL, NULL, 2);
INSERT INTO "achievements" VALUES(102, 'Athlete', 'Unlock athletic or built mode', NULL, NULL, 2);
INSERT INTO "achievements" VALUES(103, 'Baby Steps', '0.75x bodyweight overhead press', NULL, NULL, 2);
INSERT INTO "achievements" VALUES(104, 'Pick Yourself Up!', '1x bodyweight overhead press', NULL, NULL, 2);
INSERT INTO "achievements" VALUES(105, 'Power Shoulders', '1.5x bodyweight overhead press', NULL, NULL, 2);
INSERT INTO "achievements" VALUES(106, 'Noob Gains', 'Gain 5lbs of muscle mass', NULL, NULL, 2);
INSERT INTO "achievements" VALUES(107, 'Getting Swole', 'Gain 10lbs of muscle mass', NULL, NULL, 2);
INSERT INTO "achievements" VALUES(108, 'Shit Son', 'Gain 20lbs of muscle mass', NULL, NULL, 2);
INSERT INTO "achievements" VALUES(109, 'Fatty Fatass', 'Achieve less than 18% bodyfat', NULL, NULL, 2);
INSERT INTO "achievements" VALUES(110, 'Chubbyfat', 'Achieve less than 15% bodyfat', NULL, NULL, 2);
INSERT INTO "achievements" VALUES(111, 'Looking Swole', 'Achieve less than 10% bodyfat', NULL, NULL, 2);
INSERT INTO "achievements" VALUES(112, 'Aesthetic as fuck!', 'Achieve less than 8% bodyfat', NULL, NULL, 2);
INSERT INTO "achievements" VALUES(113, 'Godmode!', 'Achieve less than 6% modyfat', NULL, NULL, 2);
INSERT INTO "achievements" VALUES(114, 'Curlbro', 'Dedicate a day to only working on your biceps', NULL, NULL, 2);
INSERT INTO "achievements" VALUES(115, 'Horseshoe', 'Dedicate a day to only working on your triceps', NULL, NULL, 2);
INSERT INTO "achievements" VALUES(116, 'Barrel Chest', 'Dedicate a day to only working on your chest', NULL, NULL, 2);
INSERT INTO "achievements" VALUES(117, 'Lat Master', 'Dedicate a day to only working on your back', NULL, NULL, 2);
INSERT INTO "achievements" VALUES(118, 'Delta Force', 'Dedicate a day to only working on your shoulders', NULL, NULL, 2);
INSERT INTO "achievements" VALUES(119, 'Lingerer', 'Go to the gym twice in one day', NULL, NULL, 2);
INSERT INTO "achievements" VALUES(120, 'SS/SL', 'Go to the gym 3 days in one week', NULL, NULL, 2);
INSERT INTO "achievements" VALUES(121, 'FAMILY RAGE!', 'Teach family members about fitness/health', NULL, NULL, 2);
INSERT INTO "achievements" VALUES(122, 'U mirin?', 'Get compliments on your body', NULL, NULL, 2);
INSERT INTO "achievements" VALUES(123, 'King of the Gym', 'Lift heavier than 90-95% of the gym', NULL, NULL, 2);
INSERT INTO "achievements" VALUES(124, 'Russian Weightlifting Jesus', 'Give out advice/help someone who is in dire need', NULL, NULL, 2);
INSERT INTO "achievements" VALUES(125, 'NYR FAGS!', 'Survive January', NULL, NULL, 2);
INSERT INTO "achievements" VALUES(126, 'Terminator', 'Work out with only machines', NULL, NULL, 2);
INSERT INTO "achievements" VALUES(127, 'Everyone headphones', 'Fart while doing squats', NULL, NULL, 2);
INSERT INTO "achievements" VALUES(128, 'Runs in the Family', 'Work out with a family member', NULL, NULL, 2);
INSERT INTO "achievements" VALUES(129, 'Functional Strength', 'Complete bodyweight bench press, 1.5x bodyweight squat and 2x bodyweight deadlift', NULL, NULL, 2);
INSERT INTO "achievements" VALUES(130, 'No Homo', 'Do donkey calf raises with a friend', NULL, NULL, 2);
INSERT INTO "achievements" VALUES(131, 'Since when?', 'Learn and master a workout you didn''t know existed', NULL, NULL, 2);
INSERT INTO "achievements" VALUES(132, 'Sanitizer', 'Wipe down equipment every time you use it', NULL, NULL, 2);
INSERT INTO "achievements" VALUES(133, 'Early Bird', 'Work out as soon as the gym opens / as the first there', NULL, NULL, 2);
INSERT INTO "achievements" VALUES(134, 'Werewolf', 'Work out as soon as the gym closes / after midnight', NULL, NULL, 2);
INSERT INTO "achievements" VALUES(135, 'Badass', 'Make a huge achievement (Climbing a mountain) and tell no one', NULL, NULL, 2);
INSERT INTO "achievements" VALUES(136, 'Quadrasaur', '2.5x bodyweight squat', NULL, NULL, 2);
INSERT INTO "achievements" VALUES(137, 'Keeping Form', '1.5x bodyweight deadlift', NULL, NULL, 2);
INSERT INTO "achievements" VALUES(138, 'Working Man', '2x bodyweight deadlift', NULL, NULL, 2);
INSERT INTO "achievements" VALUES(139, 'Spinal Injury', '2.5x bodyweight deadlift', NULL, NULL, 2);
INSERT INTO "achievements" VALUES(140, 'Barn Door Back', '3x bodyweight deadlift', NULL, NULL, 2);
INSERT INTO "achievements" VALUES(141, 'Oatz', 'Eat a whole bowl of oatz', NULL, NULL, 2);
INSERT INTO "achievements" VALUES(142, 'Oatz!', 'Eat 2 bowls of oatz in one sitting', NULL, NULL, 2);
INSERT INTO "achievements" VALUES(143, 'OATZ!', 'Eat oatz with every meal of the day', NULL, NULL, 2);
INSERT INTO "achievements" VALUES(144, 'Keto', 'Carbs make up less than 5% of your calories in a day', NULL, NULL, 2);
INSERT INTO "achievements" VALUES(145, 'Steak Man', 'Eat over 150g protein in a day', NULL, NULL, 2);
INSERT INTO "achievements" VALUES(146, 'Protein Shaker', 'Eat over 300g protein in a day', NULL, NULL, 2);
INSERT INTO "achievements" VALUES(147, 'Stay Away for Seven Days', 'Give up soda for a week', NULL, NULL, 2);
INSERT INTO "achievements" VALUES(148, 'No Soda September', 'Give up soda for a month', NULL, NULL, 2);
INSERT INTO "achievements" VALUES(149, 'Sugar Free Since ''93', 'Give up soda for a year', NULL, NULL, 2);
INSERT INTO "achievements" VALUES(150, 'Starter Diet', 'Give up fast food for a month', NULL, NULL, 2);
INSERT INTO "achievements" VALUES(151, 'Starting Strong', 'Complete 3 months of a set program', NULL, NULL, 2);
INSERT INTO "achievements" VALUES(152, 'Commitment', 'Complete 6 months of a set program', NULL, NULL, 2);
INSERT INTO "achievements" VALUES(153, 'Get some Dbol', 'Complete 12 months of a set program', NULL, NULL, 2);
INSERT INTO "achievements" VALUES(154, 'Baby Pecs', 'Complete 20 pushups', NULL, NULL, 2);
INSERT INTO "achievements" VALUES(155, 'Triceps on Fire', 'Complete 50 pushups', NULL, NULL, 2);
INSERT INTO "achievements" VALUES(156, 'Armour Plated Pecs', 'Complete 100 pushups', NULL, NULL, 2);
INSERT INTO "achievements" VALUES(157, 'Fatass!', 'Complete 1 chip-up/pull-up', NULL, NULL, 2);
INSERT INTO "achievements" VALUES(158, 'Getting there...', 'Complete 5 chin-ups/pull-ups', NULL, NULL, 2);
INSERT INTO "achievements" VALUES(159, 'Chimp Chump', 'Complete 10 chip-ups/pull-ups', NULL, NULL, 2);
INSERT INTO "achievements" VALUES(160, 'Monkey Man', 'Complete 20+ chin-ups/pull-ups', NULL, NULL, 2);
INSERT INTO "achievements" VALUES(161, 'The Arm I Fap With...', 'Complete a one arm chin-up/pull-up', NULL, NULL, 2);
INSERT INTO "achievements" VALUES(162, 'National Flag', 'Complete a 30 second flagpole', NULL, NULL, 2);
INSERT INTO "achievements" VALUES(163, 'Convict Conditioner', 'Complete 5 handstand pushups', NULL, NULL, 2);
INSERT INTO "achievements" VALUES(164, 'Meanwhile in Australia...', 'Complete 10 handstand pushups', NULL, NULL, 2);
INSERT INTO "achievements" VALUES(165, 'Gymnast', 'Complete 20+ handstand pushups', NULL, NULL, 2);
INSERT INTO "achievements" VALUES(166, '5 Day Split', 'Go to the gym 5+days in one week', NULL, NULL, 2);
INSERT INTO "achievements" VALUES(167, 'Gym Rat', 'Go to the gym 7 days in one week', NULL, NULL, 2);
INSERT INTO "achievements" VALUES(168, 'Deal with it!', 'Set off the lunk alarm', NULL, NULL, 2);
INSERT INTO "achievements" VALUES(169, 'Acidic', 'Get DOMS', NULL, NULL, 2);
INSERT INTO "achievements" VALUES(170, 'Excuse me...', 'Blow off a girl to work out', NULL, NULL, 2);
INSERT INTO "achievements" VALUES(171, 'Saviour', 'Drop what you''re doing to emergency spot someone in need of help', NULL, NULL, 2);
INSERT INTO "achievements" VALUES(172, 'Son, I am proud', 'Cut yourself or bleed while working out and continue to work out', NULL, NULL, 2);
INSERT INTO "achievements" VALUES(173, 'Socialiser', 'Find a /fit/ bro in your city', NULL, NULL, 2);
INSERT INTO "achievements" VALUES(174, 'Green Hornet', 'Be in a situation you know you will greentext later', NULL, NULL, 2);
INSERT INTO "achievements" VALUES(175, 'No Excuses', 'Work out while drunk or hung over', NULL, NULL, 2);
INSERT INTO "achievements" VALUES(176, 'You Know Better', 'Show a newbie the ropes', NULL, NULL, 2);
INSERT INTO "achievements" VALUES(177, 'That''s what we like to see', 'Squat/Deadlift/Clean/ETC. so hard you vomit', NULL, NULL, 2);
INSERT INTO "achievements" VALUES(178, 'UMAD?', 'Give a NOPE to a girl that wants you', NULL, NULL, 2);
INSERT INTO "achievements" VALUES(179, 'Disregard Women', 'Acquire dance moves', NULL, NULL, 2);
INSERT INTO "achievements" VALUES(180, 'Progressive', 'Surpass someone who is stronger than you', NULL, NULL, 2);
INSERT INTO "achievements" VALUES(181, 'Real Man', 'Shower naked in the gym showers, no covering up', NULL, NULL, 2);
INSERT INTO "achievements" VALUES(182, 'Accident Prone', 'Break something at the gym', NULL, NULL, 2);
INSERT INTO "achievements" VALUES(183, 'Fucking Weatherman', 'Run to the gym while it''s raining/snowing/storming', NULL, NULL, 2);
INSERT INTO "achievements" VALUES(184, 'Hard-core', '90 second plank with somebody sitting on you', NULL, NULL, 2);
INSERT INTO "achievements" VALUES(185, 'Birthday Boy!', 'Work out on your birthday', NULL, NULL, 2);
INSERT INTO "achievements" VALUES(186, 'Trex mode', 'Dedicate a day to only working your legs', NULL, NULL, 2);
INSERT INTO "achievements" VALUES(187, 'Gym Regular', 'Go to the gym regularly for an entire year', NULL, NULL, 2);
INSERT INTO "achievements" VALUES(188, 'Get back in the gym!', 'Complete 25 achievements', NULL, NULL, 2);
INSERT INTO "achievements" VALUES(189, 'Half a man', 'Complete 50 achievements', NULL, NULL, 2);
INSERT INTO "achievements" VALUES(190, 'Power level is rising', 'Complete 75 achievements', NULL, NULL, 2);
INSERT INTO "achievements" VALUES(191, 'True /fit/zen', 'Complete all 116 achievements', NULL, NULL, 2);
CREATE TABLE haves (  user INTEGER,  achievement INTEGER,   earned DATETIME,   FOREIGN KEY( user ) REFERENCES user(id),  FOREIGN KEY( achievement ) REFERENCES achievement(id));
INSERT INTO "haves" VALUES(1, 44, '2014-08-13');
INSERT INTO "haves" VALUES(1, 49, '2014-08-13');
INSERT INTO "haves" VALUES(1, 52, '2014-08-13');
INSERT INTO "haves" VALUES(1, 53, '2014-08-13');
INSERT INTO "haves" VALUES(1, 58, '2014-08-13');
INSERT INTO "haves" VALUES(1, 59, '2014-08-13');
INSERT INTO "haves" VALUES(1, 65, '2014-08-13');
INSERT INTO "haves" VALUES(1, 71, '2014-08-13');
INSERT INTO "haves" VALUES(1, 76, '2014-08-13');
INSERT INTO "haves" VALUES(1, 82, '2014-08-13');
INSERT INTO "haves" VALUES(1, 95, '2014-08-13');
INSERT INTO "haves" VALUES(1, 96, '2014-08-13');
INSERT INTO "haves" VALUES(1, 97, '2014-08-13');
INSERT INTO "haves" VALUES(1, 98, '2014-08-13');
INSERT INTO "haves" VALUES(1, 99, '2014-08-13');
INSERT INTO "haves" VALUES(1, 109, '2014-08-13');
INSERT INTO "haves" VALUES(1, 110, '2014-08-13');
INSERT INTO "haves" VALUES(1, 119, '2014-08-13');
INSERT INTO "haves" VALUES(1, 120, '2014-08-13');
INSERT INTO "haves" VALUES(1, 122, '2014-08-13');
INSERT INTO "haves" VALUES(1, 125, '2014-08-13');
INSERT INTO "haves" VALUES(1, 126, '2014-08-13');
INSERT INTO "haves" VALUES(1, 132, '2014-08-13');
INSERT INTO "haves" VALUES(1, 141, '2014-08-13');
INSERT INTO "haves" VALUES(1, 145, '2014-08-13');
INSERT INTO "haves" VALUES(1, 146, '2014-08-13');
INSERT INTO "haves" VALUES(1, 147, '2014-08-13');
INSERT INTO "haves" VALUES(1, 148, '2014-08-13');
INSERT INTO "haves" VALUES(1, 154, '2014-08-13');
INSERT INTO "haves" VALUES(1, 157, '2014-08-13');
INSERT INTO "haves" VALUES(1, 158, '2014-08-13');
INSERT INTO "haves" VALUES(1, 159, '2014-08-13');
INSERT INTO "haves" VALUES(1, 166, '2014-08-13');
INSERT INTO "haves" VALUES(1, 169, '2014-08-13');
INSERT INTO "haves" VALUES(1, 172, '2014-08-13');
INSERT INTO "haves" VALUES(1, 175, '2014-08-13');
INSERT INTO "haves" VALUES(1, 181, '2014-08-13');
INSERT INTO "haves" VALUES(1, 188, '2014-08-13');
INSERT INTO "haves" VALUES(1, 43, '2014-08-14');
CREATE TABLE user_follows (  follower INTEGER,   followee INTEGER,   FOREIGN KEY( follower ) REFERENCES user(id),  FOREIGN KEY( followee ) REFERENCES user(id) );
CREATE TABLE collection_follows (  user INTEGER,   collection INTEGER,   FOREIGN KEY( user ) REFERENCES users(id),  FOREIGN KEY( collection ) REFERENCES collections(id) );
COMMIT;
